SKU,brand_name,company_name,parent_category,sub_category
bingo potato chips original style,bingo,itc ltd,snacks_and_namkeen,chips_and_nachos
bingo tedhe medhe corn snacks,bingo,itc ltd,snacks_and_namkeen,chips_and_nachos
doritos cool ranch,doritos,pepsico india,snacks_and_namkeen,chips_and_nachos
doritos dinamita fiery lime and chilli,doritos,pepsico india,snacks_and_namkeen,chips_and_nachos
doritos dinamita sizzlin hot,doritos,pepsico india,snacks_and_namkeen,chips_and_nachos
doritos nacho cheese,doritos,pepsico india,snacks_and_namkeen,chips_and_nachos
doritos sweet chili,doritos,pepsico india,snacks_and_namkeen,chips_and_nachos
kurkure chilli chatka,kurkure,pepsico india,snacks_and_namkeen,chips_and_nachos
kurkure green chutney rajasthani style,kurkure,pepsico india,snacks_and_namkeen,chips_and_nachos
kurkure jowar puffs,kurkure,pepsico india,snacks_and_namkeen,chips_and_nachos
kurkure masala munch,kurkure,pepsico india,snacks_and_namkeen,chips_and_nachos
kurkure naughty tomato,kurkure,pepsico india,snacks_and_namkeen,chips_and_nachos
kurkure pastax,kurkure,pepsico india,snacks_and_namkeen,chips_and_nachos
kurkure puffcorn yummy cheese,kurkure,pepsico india,snacks_and_namkeen,chips_and_nachos
kurkure schezwan chutney,kurkure,pepsico india,snacks_and_namkeen,chips_and_nachos
kurkure solid masti,kurkure,pepsico india,snacks_and_namkeen,chips_and_nachos
kurkure zig zag,kurkure,pepsico india,snacks_and_namkeen,chips_and_nachos
lay's american style cream and onion,lay's,pepsico india,snacks_and_namkeen,chips_and_nachos
lay's baked,lay's,pepsico india,snacks_and_namkeen,chips_and_nachos
lay's classic salted,lay's,pepsico india,snacks_and_namkeen,chips_and_nachos
lay's flaming hot,lay's,pepsico india,snacks_and_namkeen,chips_and_nachos
lay's honey bbq,lay's,pepsico india,snacks_and_namkeen,chips_and_nachos
lay's kettle cooked,lay's,pepsico india,snacks_and_namkeen,chips_and_nachos
lay's kettle cooked indian tikka masala,lay's,pepsico india,snacks_and_namkeen,chips_and_nachos
lay's lime and masala masti,lay's,pepsico india,snacks_and_namkeen,chips_and_nachos
lay's magic masala,lay's,pepsico india,snacks_and_namkeen,chips_and_nachos
lay's mexican salsa,lay's,pepsico india,snacks_and_namkeen,chips_and_nachos
lay's salt and vinegar,lay's,pepsico india,snacks_and_namkeen,chips_and_nachos
lay's spanish tomato tango,lay's,pepsico india,snacks_and_namkeen,chips_and_nachos
lay's stax original,lay's,pepsico india,snacks_and_namkeen,chips_and_nachos
lay's wafer himalayan pink salt,lay's,pepsico india,snacks_and_namkeen,chips_and_nachos
lay's wavy masala,lay's,pepsico india,snacks_and_namkeen,chips_and_nachos
lay's wavy original,lay's,pepsico india,snacks_and_namkeen,chips_and_nachos
yellow diamond chips potato simply salted,yellow diamond,prataap snacks,snacks_and_namkeen,chips_and_nachos
slurrp farm puffs ragi,slurrp farm,standalone / d2c,snacks_and_namkeen,chips_and_nachos
tata soulfull ragi bites stick format,tata soulfull,tata consumer products,snacks_and_namkeen,chips_and_nachos
amul almond bar,amul chocolates,amul (gcmmf),sweets_and_desserts,chocolates
amul belgian milk chocolate,amul chocolates,amul (gcmmf),sweets_and_desserts,chocolates
amul best wishes emotion pack,amul chocolates,amul (gcmmf),sweets_and_desserts,chocolates
amul bindaaz wafer chocolate,amul chocolates,amul (gcmmf),sweets_and_desserts,chocolates
amul camel milk chocolate,amul chocolates,amul (gcmmf),sweets_and_desserts,chocolates
amul choco cracker,amul chocolates,amul (gcmmf),sweets_and_desserts,chocolates
amul chocolate syrup,amul chocolates,amul (gcmmf),sweets_and_desserts,chocolates
amul chocomini,amul chocolates,amul (gcmmf),sweets_and_desserts,chocolates
amul chocozoo,amul chocolates,amul (gcmmf),sweets_and_desserts,chocolates
amul dark chocolate 55 percent,amul chocolates,amul (gcmmf),sweets_and_desserts,chocolates
amul dark chocolate 75 percent,amul chocolates,amul (gcmmf),sweets_and_desserts,chocolates
amul dark chocolate 90 percent,amul chocolates,amul (gcmmf),sweets_and_desserts,chocolates
amul dark chocolate 99 percent,amul chocolates,amul (gcmmf),sweets_and_desserts,chocolates
amul fruit n nut dark chocolate,amul chocolates,amul (gcmmf),sweets_and_desserts,chocolates
amul green tea dark chocolate,amul chocolates,amul (gcmmf),sweets_and_desserts,chocolates
amul hazelnut chocolate,amul chocolates,amul (gcmmf),sweets_and_desserts,chocolates
amul i love you emotion pack,amul chocolates,amul (gcmmf),sweets_and_desserts,chocolates
amul milk chocolate,amul chocolates,amul (gcmmf),sweets_and_desserts,chocolates
amul mystic mocha dark chocolate,amul chocolates,amul (gcmmf),sweets_and_desserts,chocolates
amul raisin n almond,amul chocolates,amul (gcmmf),sweets_and_desserts,chocolates
amul single origin colombia dark chocolate,amul chocolates,amul (gcmmf),sweets_and_desserts,chocolates
amul single origin ecuador dark chocolate,amul chocolates,amul (gcmmf),sweets_and_desserts,chocolates
amul single origin india dark chocolate,amul chocolates,amul (gcmmf),sweets_and_desserts,chocolates
amul single origin india milk chocolate,amul chocolates,amul (gcmmf),sweets_and_desserts,chocolates
amul single origin ivory coast dark chocolate,amul chocolates,amul (gcmmf),sweets_and_desserts,chocolates
amul single origin madagascar dark chocolate,amul chocolates,amul (gcmmf),sweets_and_desserts,chocolates
amul single origin peru dark chocolate,amul chocolates,amul (gcmmf),sweets_and_desserts,chocolates
amul single origin tanzania dark chocolate,amul chocolates,amul (gcmmf),sweets_and_desserts,chocolates
amul single origin venezuela dark chocolate,amul chocolates,amul (gcmmf),sweets_and_desserts,chocolates
amul sugar free dark chocolate,amul chocolates,amul (gcmmf),sweets_and_desserts,chocolates
amul super fruit white chocolate,amul chocolates,amul (gcmmf),sweets_and_desserts,chocolates
amul tropical orange dark chocolate,amul chocolates,amul (gcmmf),sweets_and_desserts,chocolates
amul white limon chocolate,amul chocolates,amul (gcmmf),sweets_and_desserts,chocolates
cadbury 5 star original,5 star,mondelez india,sweets_and_desserts,chocolates
cadbury bournville chopped hazelnut,bournville,mondelez india,sweets_and_desserts,chocolates
cadbury bournville cranberry,bournville,mondelez india,sweets_and_desserts,chocolates
cadbury bournville raisin and nut,bournville,mondelez india,sweets_and_desserts,chocolates
cadbury bournville rich cocoa 50 percent,bournville,mondelez india,sweets_and_desserts,chocolates
cadbury bournville salted caramel,bournville,mondelez india,sweets_and_desserts,chocolates
cadbury dairy milk biscoff,cadbury dairy milk,mondelez india,sweets_and_desserts,chocolates
cadbury dairy milk classic,cadbury dairy milk,mondelez india,sweets_and_desserts,chocolates
cadbury dairy milk crackle,cadbury dairy milk,mondelez india,sweets_and_desserts,chocolates
cadbury dairy milk fruit and nut,cadbury dairy milk,mondelez india,sweets_and_desserts,chocolates
cadbury dairy milk milkinis classic,cadbury dairy milk,mondelez india,sweets_and_desserts,chocolates
cadbury dairy milk roast almond,cadbury dairy milk,mondelez india,sweets_and_desserts,chocolates
cadbury dairy milk silk,cadbury dairy milk,mondelez india,sweets_and_desserts,chocolates
cadbury dairy milk silk bubbly,cadbury dairy milk,mondelez india,sweets_and_desserts,chocolates
cadbury dairy milk silk fruit and nut,cadbury dairy milk,mondelez india,sweets_and_desserts,chocolates
cadbury dairy milk silk hazelnut,cadbury dairy milk,mondelez india,sweets_and_desserts,chocolates
cadbury dairy milk silk mousse,cadbury dairy milk,mondelez india,sweets_and_desserts,chocolates
cadbury dairy milk silk oreo,cadbury dairy milk,mondelez india,sweets_and_desserts,chocolates
cadbury dairy milk silk roast almond,cadbury dairy milk,mondelez india,sweets_and_desserts,chocolates
cadbury gems minis,gems,mondelez india,sweets_and_desserts,chocolates
cadbury gems original,gems,mondelez india,sweets_and_desserts,chocolates
cadbury perk double chocolate,perk,mondelez india,sweets_and_desserts,chocolates
cadbury perk mint,perk,mondelez india,sweets_and_desserts,chocolates
cadbury perk original,perk,mondelez india,sweets_and_desserts,chocolates
toblerone crispy coconut,toblerone,mondelez india,sweets_and_desserts,chocolates
toblerone crunchy salted almond,toblerone,mondelez india,sweets_and_desserts,chocolates
toblerone dark chocolate,toblerone,mondelez india,sweets_and_desserts,chocolates
toblerone golden caramel,toblerone,mondelez india,sweets_and_desserts,chocolates
toblerone milk chocolate,toblerone,mondelez india,sweets_and_desserts,chocolates
toblerone onebyone individual pieces,toblerone,mondelez india,sweets_and_desserts,chocolates
toblerone white chocolate,toblerone,mondelez india,sweets_and_desserts,chocolates
kitkat chunky milk chocolate,kitkat,nestlé india,sweets_and_desserts,chocolates
kitkat chunky peanut butter,kitkat,nestlé india,sweets_and_desserts,chocolates
kitkat chunky white chocolate,kitkat,nestlé india,sweets_and_desserts,chocolates
kitkat classic milk chocolate,kitkat,nestlé india,sweets_and_desserts,chocolates
kitkat dark chocolate,kitkat,nestlé india,sweets_and_desserts,chocolates
kitkat hazelnut,kitkat,nestlé india,sweets_and_desserts,chocolates
kitkat orange chocolate,kitkat,nestlé india,sweets_and_desserts,chocolates
milkybar moosha cocoa crispies,milkybar,nestlé india,sweets_and_desserts,chocolates
milkybar white chocolate,milkybar,nestlé india,sweets_and_desserts,chocolates
munch butterscotch max,munch,nestlé india,sweets_and_desserts,chocolates
munch coated wafer chocolate,munch,nestlé india,sweets_and_desserts,chocolates
munch max coated wafer chocolate,munch,nestlé india,sweets_and_desserts,chocolates
parle melody chocolaty,melody,parle products,sweets_and_desserts,chocolates
the whole truth dark chocolate 71 percent,the whole truth,standalone / d2c,sweets_and_desserts,chocolates
bru gold,bru,hindustan unilever,beverages,coffee
bru instant,bru,hindustan unilever,beverages,coffee
bru roast and ground,bru,hindustan unilever,beverages,coffee
bru southern trails single origin arabica,bru,hindustan unilever,beverages,coffee
nescafé all in one frappe instant cold coffee premix,nescafé,nestlé india,beverages,coffee
nescafé blend 37 coffee,nescafé,nestlé india,beverages,coffee
nescafé cappuccino instant coffee premix,nescafé,nestlé india,beverages,coffee
nescafé chilled latte cold coffee,nescafé,nestlé india,beverages,coffee
nescafé choco mocha instant coffee premix,nescafé,nestlé india,beverages,coffee
nescafé classic instant coffee,nescafé,nestlé india,beverages,coffee
nescafé gold blend instant coffee,nescafé,nestlé india,beverages,coffee
nescafé gold coffee,nescafé,nestlé india,beverages,coffee
nescafé hazelnut cold coffee,nescafé,nestlé india,beverages,coffee
nescafé iced latte cold coffee,nescafé,nestlé india,beverages,coffee
nescafé ice roast instant coffee powder,nescafé,nestlé india,beverages,coffee
nescafé intense café cold coffee,nescafé,nestlé india,beverages,coffee
nescafé intense latte cold coffee,nescafé,nestlé india,beverages,coffee
nescafé sunrise chicory mix,nescafé,nestlé india,beverages,coffee
nescafé sunrise extra strong,nescafé,nestlé india,beverages,coffee
tata coffee cold coffee,tata coffee,tata consumer products,beverages,coffee
tata coffee cold coffee belgian chocolate,tata coffee,tata consumer products,beverages,coffee
tata coffee cold coffee french vanilla,tata coffee,tata consumer products,beverages,coffee
tata coffee cold coffee swiss caramel,tata coffee,tata consumer products,beverages,coffee
tata coffee grand,tata coffee,tata consumer products,beverages,coffee
tata coffee grand premium,tata coffee,tata consumer products,beverages,coffee
tata coffee grand roast and ground,tata coffee,tata consumer products,beverages,coffee
pass pass chewing gum mint,pass pass,ds group,sweets_and_desserts,confectionery
pulse candy guava,pulse,ds group,sweets_and_desserts,confectionery
pulse candy litchi,pulse,ds group,sweets_and_desserts,confectionery
pulse candy orange,pulse,ds group,sweets_and_desserts,confectionery
pulse candy pineapple,pulse,ds group,sweets_and_desserts,confectionery
pulse candy raw mango,pulse,ds group,sweets_and_desserts,confectionery
candyman sourzzz sour candies,candyman,itc ltd,sweets_and_desserts,confectionery
candyman tadka lollipop green mango,candyman,itc ltd,sweets_and_desserts,confectionery
polo mint peppermint,polo,nestlé india,sweets_and_desserts,confectionery
polo spearmint,polo,nestlé india,sweets_and_desserts,confectionery
parle bigger mango bite,mango bite,parle products,sweets_and_desserts,confectionery
parle kaccha mango bite,mango bite,parle products,sweets_and_desserts,confectionery
parle kismi milk toffee,kismi,parle products,sweets_and_desserts,confectionery
parle kismi rose milk toffee,kismi,parle products,sweets_and_desserts,confectionery
parle kismi toffee,kismi,parle products,sweets_and_desserts,confectionery
parle mango bite candy,mango bite,parle products,sweets_and_desserts,confectionery
hommade coconut paste,hommade,dabur india,pantry_and_condiments,cooking_pastes_and_bases
hommade ginger garlic paste,hommade,dabur india,pantry_and_condiments,cooking_pastes_and_bases
hommade green chilli paste,hommade,dabur india,pantry_and_condiments,cooking_pastes_and_bases
haldiram's pani puri concentrate,haldiram's syrups,haldiram's,pantry_and_condiments,cooking_pastes_and_bases
safal tomato puree,safal,mother dairy,pantry_and_condiments,cooking_pastes_and_bases
rasoi magic biryani mix,rasoi magic,orkla india,pantry_and_condiments,cooking_pastes_and_bases
rasoi magic paneer tikka mix,rasoi magic,orkla india,pantry_and_condiments,cooking_pastes_and_bases
rasoi magic sambar mix,rasoi magic,orkla india,pantry_and_condiments,cooking_pastes_and_bases
ching's secret chowmein hakka noodle masala,ching's secret,capital foods,pantry_and_condiments,cooking_pastes_and_bases
ching's secret paneer chilli masala mix,ching's secret,capital foods,pantry_and_condiments,cooking_pastes_and_bases
smith and jones ginger garlic paste,smith and jones,tata consumer products,pantry_and_condiments,cooking_pastes_and_bases
smith and jones mutter paneer masala,smith and jones,tata consumer products,pantry_and_condiments,cooking_pastes_and_bases
smith and jones pasta masala,smith and jones,tata consumer products,pantry_and_condiments,cooking_pastes_and_bases
smith and jones pasta vegetable masala,smith and jones,tata consumer products,pantry_and_condiments,cooking_pastes_and_bases
smith and jones peri peri masala,smith and jones,tata consumer products,pantry_and_condiments,cooking_pastes_and_bases
smith and jones shahi paneer masala,smith and jones,tata consumer products,pantry_and_condiments,cooking_pastes_and_bases
hajmola anardana pomegranate,hajmola,dabur india,health_and_wellness,digestives
hajmola chatcola cola,hajmola,dabur india,health_and_wellness,digestives
hajmola hing asafoetida,hajmola,dabur india,health_and_wellness,digestives
hajmola imli regular,hajmola,dabur india,health_and_wellness,digestives
hajmola lemon,hajmola,dabur india,health_and_wellness,digestives
hajmola mr aam mango,hajmola,dabur india,health_and_wellness,digestives
hajmola pudina mint,hajmola,dabur india,health_and_wellness,digestives
plix probiotics effervescent,plix,marico (food),health_and_wellness,digestives
fortune blended oil,fortune,adani wilmar,staples_and_spices,edible_oils
fortune groundnut oil,fortune oil,adani wilmar,staples_and_spices,edible_oils
fortune mustard oil,fortune oil,adani wilmar,staples_and_spices,edible_oils
fortune refined rice bran oil,fortune,adani wilmar,staples_and_spices,edible_oils
fortune refined soybean oil,fortune,adani wilmar,staples_and_spices,edible_oils
fortune refined sunflower oil,fortune,adani wilmar,staples_and_spices,edible_oils
fortune rice bran oil,fortune oil,adani wilmar,staples_and_spices,edible_oils
fortune soyabean oil,fortune oil,adani wilmar,staples_and_spices,edible_oils
fortune sunflower oil sunlite,fortune oil,adani wilmar,staples_and_spices,edible_oils
king's kachi ghani mustard oil,king's,adani wilmar,staples_and_spices,edible_oils
king's refined soyabean oil,king's,adani wilmar,staples_and_spices,edible_oils
king's refined soybean oil,king's,adani wilmar,staples_and_spices,edible_oils
king's refined sunflower oil,king's,adani wilmar,staples_and_spices,edible_oils
sundrop refined soybean oil,sundrop,agro tech foods,staples_and_spices,edible_oils
sundrop refined sunflower oil,sundrop,agro tech foods,staples_and_spices,edible_oils
emami healthy tasty refined rice bran oil,healthy & tasty,emami agrotech,staples_and_spices,edible_oils
emami healthy tasty refined soybean oil,healthy & tasty,emami agrotech,staples_and_spices,edible_oils
emami healthy tasty refined sunflower oil,healthy & tasty,emami agrotech,staples_and_spices,edible_oils
saffola cold pressed groundnut and safflower oil,saffola,marico (food),staples_and_spices,edible_oils
saffola cold pressed groundnut and sesame oil,saffola,marico (food),staples_and_spices,edible_oils
saffola cold pressed groundnut oil,saffola,marico (food),staples_and_spices,edible_oils
saffola cold pressed mustard oil,saffola,marico (food),staples_and_spices,edible_oils
saffola cold pressed sesame oil,saffola,marico (food),staples_and_spices,edible_oils
saffola refined rice bran oil,saffola,marico (food),staples_and_spices,edible_oils
saffola refined soyabean oil,saffola,marico (food),staples_and_spices,edible_oils
saffola refined sunflower oil sunlite,saffola,marico (food),staples_and_spices,edible_oils
dhara mustard oil,dhara,mother dairy,staples_and_spices,edible_oils
dhara refined groundnut oil,dhara,mother dairy,staples_and_spices,edible_oils
dhara refined rice bran oil,dhara,mother dairy,staples_and_spices,edible_oils
dhara refined soyabean oil,dhara,mother dairy,staples_and_spices,edible_oils
dhara refined soybean oil,dhara,mother dairy,staples_and_spices,edible_oils
dhara refined sunflower oil,dhara,mother dairy,staples_and_spices,edible_oils
mahakosh refined mustard oil,mahakosh,patanjali foods,staples_and_spices,edible_oils
mahakosh refined soybean oil,mahakosh,patanjali foods,staples_and_spices,edible_oils
ruchi gold mustard oil,ruchi gold,patanjali foods,staples_and_spices,edible_oils
sunrich refined rice bran oil,sunrich,patanjali foods,staples_and_spices,edible_oils
sunrich refined sunflower oil,sunrich,patanjali foods,staples_and_spices,edible_oils
amul kool cafe,amul kool,amul (gcmmf),beverages,flavoured_milk_and_beverages
amul kool flavoured milk badam,amul kool,amul (gcmmf),beverages,flavoured_milk_and_beverages
amul kool flavoured milk elaichi,amul kool,amul (gcmmf),beverages,flavoured_milk_and_beverages
amul kool flavoured milk kesar,amul kool,amul (gcmmf),beverages,flavoured_milk_and_beverages
amul kool flavoured milk rose,amul kool,amul (gcmmf),beverages,flavoured_milk_and_beverages
amul kool flavoured milk thandai,amul kool,amul (gcmmf),beverages,flavoured_milk_and_beverages
amul kool koko,amul kool,amul (gcmmf),beverages,flavoured_milk_and_beverages
amul kool shakers badam,amul kool,amul (gcmmf),beverages,flavoured_milk_and_beverages
amul kool shakers mango,amul kool,amul (gcmmf),beverages,flavoured_milk_and_beverages
amul kool shakers strawberry,amul kool,amul (gcmmf),beverages,flavoured_milk_and_beverages
amul kool sugar free,amul kool,amul (gcmmf),beverages,flavoured_milk_and_beverages
amul lassi kesar,amul lassi,amul (gcmmf),beverages,flavoured_milk_and_beverages
amul lassi mango,amul lassi,amul (gcmmf),beverages,flavoured_milk_and_beverages
amul lassi pineapple,amul lassi,amul (gcmmf),beverages,flavoured_milk_and_beverages
amul lassi rose,amul lassi,amul (gcmmf),beverages,flavoured_milk_and_beverages
mother dairy milkshake chocolate,mother dairy milk,mother dairy,beverages,flavoured_milk_and_beverages
mother dairy milkshake strawberry,mother dairy milk,mother dairy,beverages,flavoured_milk_and_beverages
smoodh chocolate hazelnut milk,smoodh,parle agro,beverages,flavoured_milk_and_beverages
smoodh chocolate milk,smoodh,parle agro,beverages,flavoured_milk_and_beverages
smoodh coffee frappe milk,smoodh,parle agro,beverages,flavoured_milk_and_beverages
smoodh kesar badam milk,smoodh,parle agro,beverages,flavoured_milk_and_beverages
smoodh lassi plain,smoodh,parle agro,beverages,flavoured_milk_and_beverages
smoodh toffee caramel milk,smoodh,parle agro,beverages,flavoured_milk_and_beverages
godrej yummiez chicken nuggets,godrej yummiez,godrej consumer,ready_to_eat_and_ready_to_cook,frozen_non_veg_snacks
godrej yummiez galouti kabab,godrej yummiez,godrej consumer,ready_to_eat_and_ready_to_cook,frozen_non_veg_snacks
godrej yummiez burger patties,godrej yummiez,godrej consumer,ready_to_eat_and_ready_to_cook,frozen_veg_and_snacks
godrej yummiez veg nuggets,godrej yummiez,godrej consumer,ready_to_eat_and_ready_to_cook,frozen_veg_and_snacks
amul happy treats aloo tikki,amul happy treats,amul (gcmmf),ready_to_eat_and_ready_to_cook,frozen_veg_and_snacks
amul happy treats french fries,amul happy treats,amul (gcmmf),ready_to_eat_and_ready_to_cook,frozen_veg_and_snacks
amul happy treats hash brown,amul happy treats,amul (gcmmf),ready_to_eat_and_ready_to_cook,frozen_veg_and_snacks
amul happy treats paneer nuggets,amul happy treats,amul (gcmmf),ready_to_eat_and_ready_to_cook,frozen_veg_and_snacks
amul happy treats veg burger patty,amul happy treats,amul (gcmmf),ready_to_eat_and_ready_to_cook,frozen_veg_and_snacks
amul happy treats veggie stix,amul happy treats,amul (gcmmf),ready_to_eat_and_ready_to_cook,frozen_veg_and_snacks
haldiram's ajwain paratha,haldiram's frozen foods,haldiram's,ready_to_eat_and_ready_to_cook,frozen_veg_and_snacks
haldiram's aloo gobhi paratha,haldiram's frozen foods,haldiram's,ready_to_eat_and_ready_to_cook,frozen_veg_and_snacks
haldiram's aloo paratha stuffed,haldiram's frozen foods,haldiram's,ready_to_eat_and_ready_to_cook,frozen_veg_and_snacks
haldiram's aloo tikki jhatpat bites,haldiram's frozen foods,haldiram's,ready_to_eat_and_ready_to_cook,frozen_veg_and_snacks
haldiram's bhindi masala,haldiram's frozen foods,haldiram's,ready_to_eat_and_ready_to_cook,frozen_veg_and_snacks
haldiram's chatpata matar,haldiram's frozen foods,haldiram's,ready_to_eat_and_ready_to_cook,frozen_veg_and_snacks
haldiram's dakshin express masala idli,haldiram's frozen foods,haldiram's,ready_to_eat_and_ready_to_cook,frozen_veg_and_snacks
haldiram's dal kachori with chutnies,haldiram's frozen foods,haldiram's,ready_to_eat_and_ready_to_cook,frozen_veg_and_snacks
haldiram's desi wraps classic mix veg,haldiram's frozen foods,haldiram's,ready_to_eat_and_ready_to_cook,frozen_veg_and_snacks
haldiram's gobi paratha,haldiram's frozen foods,haldiram's,ready_to_eat_and_ready_to_cook,frozen_veg_and_snacks
haldiram's hara bhara kebab,haldiram's frozen foods,haldiram's,ready_to_eat_and_ready_to_cook,frozen_veg_and_snacks
haldiram's kadhai paneer,haldiram's frozen foods,haldiram's,ready_to_eat_and_ready_to_cook,frozen_veg_and_snacks
haldiram's khatta dhokla,haldiram's frozen foods,haldiram's,ready_to_eat_and_ready_to_cook,frozen_veg_and_snacks
haldiram's lacha paratha,haldiram's frozen foods,haldiram's,ready_to_eat_and_ready_to_cook,frozen_veg_and_snacks
haldiram's malai kofta,haldiram's frozen foods,haldiram's,ready_to_eat_and_ready_to_cook,frozen_veg_and_snacks
haldiram's masala lachcha paratha,haldiram's frozen foods,haldiram's,ready_to_eat_and_ready_to_cook,frozen_veg_and_snacks
haldiram's mixed vegetables paratha,haldiram's frozen foods,haldiram's,ready_to_eat_and_ready_to_cook,frozen_veg_and_snacks
haldiram's muli paratha,haldiram's frozen foods,haldiram's,ready_to_eat_and_ready_to_cook,frozen_veg_and_snacks
haldiram's paneer pakora,haldiram's frozen foods,haldiram's,ready_to_eat_and_ready_to_cook,frozen_veg_and_snacks
haldiram's paneer tikka masala,haldiram's frozen foods,haldiram's,ready_to_eat_and_ready_to_cook,frozen_veg_and_snacks
haldiram's pudina paratha,haldiram's frozen foods,haldiram's,ready_to_eat_and_ready_to_cook,frozen_veg_and_snacks
haldiram's punjabi samosa,haldiram's frozen foods,haldiram's,ready_to_eat_and_ready_to_cook,frozen_veg_and_snacks
haldiram's sabudana tikki,haldiram's frozen foods,haldiram's,ready_to_eat_and_ready_to_cook,frozen_veg_and_snacks
haldiram's samosa with chutnies,haldiram's frozen foods,haldiram's,ready_to_eat_and_ready_to_cook,frozen_veg_and_snacks
mccain aloo tikki,mccain,mccain foods india,ready_to_eat_and_ready_to_cook,frozen_veg_and_snacks
mccain cheesy pizza fingers,mccain,mccain foods india,ready_to_eat_and_ready_to_cook,frozen_veg_and_snacks
mccain french fries,mccain,mccain foods india,ready_to_eat_and_ready_to_cook,frozen_veg_and_snacks
safal frozen aloo tikki,safal,mother dairy,ready_to_eat_and_ready_to_cook,frozen_veg_and_snacks
safal frozen french fries,safal,mother dairy,ready_to_eat_and_ready_to_cook,frozen_veg_and_snacks
safal frozen mix vegetables,safal,mother dairy,ready_to_eat_and_ready_to_cook,frozen_veg_and_snacks
safal frozen vegetable nuggets,safal,mother dairy,ready_to_eat_and_ready_to_cook,frozen_veg_and_snacks
raag gold vanaspati,raag,adani wilmar,staples_and_spices,ghee_and_vanaspati
raag vanaspati ghee,raag,adani wilmar,staples_and_spices,ghee_and_vanaspati
sagar ghee 1 litre,sagar,amul (gcmmf),staples_and_spices,ghee_and_vanaspati
country delight fresh ghee,country delight,d2c pareto,staples_and_spices,ghee_and_vanaspati
dodla ghee,dodla,dodla dairy,staples_and_spices,ghee_and_vanaspati
godrej jersey ghee,godrej jersey,godrej consumer,staples_and_spices,ghee_and_vanaspati
hatsun cow ghee,hatsun ghee,hatsun agro product,staples_and_spices,ghee_and_vanaspati
hatsun pure ghee,hatsun ghee,hatsun agro product,staples_and_spices,ghee_and_vanaspati
heritage ghee,heritage milk,heritage foods,staples_and_spices,ghee_and_vanaspati
mother dairy ghee,mother dairy milk,mother dairy,staples_and_spices,ghee_and_vanaspati
patanjali cow ghee,patanjali ghee,patanjali foods,staples_and_spices,ghee_and_vanaspati
organic india organic ghee,organic india,tata consumer products,staples_and_spices,ghee_and_vanaspati
boost chocolate,boost,hindustan unilever,beverages,health_and_energy_drinks
horlicks original,horlicks,hindustan unilever,beverages,health_and_energy_drinks
horlicks plus with nutrimax,horlicks,hindustan unilever,beverages,health_and_energy_drinks
horlicks plus zero added sugar,horlicks,hindustan unilever,beverages,health_and_energy_drinks
horlicks zero added sugar,horlicks,hindustan unilever,beverages,health_and_energy_drinks
yoga bar 26g protein shake cold coffee,yoga bar,itc ltd,beverages,health_and_energy_drinks
yoga bar 26g protein shake double chocolate,yoga bar,itc ltd,beverages,health_and_energy_drinks
yoga bar 26g protein shake mango rizz,yoga bar,itc ltd,beverages,health_and_energy_drinks
bournvita chocolate,bournvita,mondelez india,beverages,health_and_energy_drinks
bournvita lil champs,bournvita,mondelez india,beverages,health_and_energy_drinks
bournvita original,bournvita,mondelez india,beverages,health_and_energy_drinks
gatorade blue bolt,gatorade,pepsico india,beverages,health_and_energy_drinks
gatorade lemon,gatorade,pepsico india,beverages,health_and_energy_drinks
gatorade orange,gatorade,pepsico india,beverages,health_and_energy_drinks
gatorade zero sugar orange,gatorade,pepsico india,beverages,health_and_energy_drinks
tata gluco plus lychee zap,tata gluco plus,tata consumer products,beverages,health_and_energy_drinks
tata gluco plus orangy burst,tata gluco plus,tata consumer products,beverages,health_and_energy_drinks
complan chocolate health drink,complan,zydus wellness,beverages,health_and_energy_drinks
complan kesar badam health drink,complan,zydus wellness,beverages,health_and_energy_drinks
complan vanilla health drink,complan,zydus wellness,beverages,health_and_energy_drinks
glucon-d activors apple rtd,glucon-d,zydus wellness,beverages,health_and_energy_drinks
glucon-d activors mango rtd,glucon-d,zydus wellness,beverages,health_and_energy_drinks
glucon-d activors orange rtd,glucon-d,zydus wellness,beverages,health_and_energy_drinks
glucon-d immuno fizz orange effervescent,glucon-d,zydus wellness,beverages,health_and_energy_drinks
glucon-d mango blast,glucon-d,zydus wellness,beverages,health_and_energy_drinks
glucon-d nimbu pani,glucon-d,zydus wellness,beverages,health_and_energy_drinks
glucon-d tangy orange,glucon-d,zydus wellness,beverages,health_and_energy_drinks
amul alphonso mango,amul ice cream,amul (gcmmf),sweets_and_desserts,ice_cream_and_kulfi
amul butterscotch,amul ice cream,amul (gcmmf),sweets_and_desserts,ice_cream_and_kulfi
amul choco almond kesar badam,amul ice cream,amul (gcmmf),sweets_and_desserts,ice_cream_and_kulfi
amul choco caramel sundae,amul ice cream,amul (gcmmf),sweets_and_desserts,ice_cream_and_kulfi
amul chocolate,amul ice cream,amul (gcmmf),sweets_and_desserts,ice_cream_and_kulfi
amul chocolate magic sundae,amul ice cream,amul (gcmmf),sweets_and_desserts,ice_cream_and_kulfi
amul fruit n nut,amul ice cream,amul (gcmmf),sweets_and_desserts,ice_cream_and_kulfi
amul kesar pista,amul ice cream,amul (gcmmf),sweets_and_desserts,ice_cream_and_kulfi
amul rajbhog,amul ice cream,amul (gcmmf),sweets_and_desserts,ice_cream_and_kulfi
amul salted caramel,amul ice cream,amul (gcmmf),sweets_and_desserts,ice_cream_and_kulfi
amul shahi anjir,amul ice cream,amul (gcmmf),sweets_and_desserts,ice_cream_and_kulfi
amul strawberry,amul ice cream,amul (gcmmf),sweets_and_desserts,ice_cream_and_kulfi
amul sugar free ice cream,amul ice cream,amul (gcmmf),sweets_and_desserts,ice_cream_and_kulfi
amul vanilla,amul ice cream,amul (gcmmf),sweets_and_desserts,ice_cream_and_kulfi
arun ice cream ibar,arun icecreams,hatsun agro product,sweets_and_desserts,ice_cream_and_kulfi
arun icecreams vanilla,arun icecreams,hatsun agro product,sweets_and_desserts,ice_cream_and_kulfi
arun icecreams chocolate,arun icecreams,hatsun agro product,sweets_and_desserts,ice_cream_and_kulfi
arun icecreams butterscotch,arun icecreams,hatsun agro product,sweets_and_desserts,ice_cream_and_kulfi
arun icecreams pista,arun icecreams,hatsun agro product,sweets_and_desserts,ice_cream_and_kulfi
arun icecreams gajar ka halwa,arun icecreams,hatsun agro product,sweets_and_desserts,ice_cream_and_kulfi
ibaco bean vanilla,ibaco,hatsun agro product,sweets_and_desserts,ice_cream_and_kulfi
ibaco dark chocolate,ibaco,hatsun agro product,sweets_and_desserts,ice_cream_and_kulfi
ibaco strawberry,ibaco,hatsun agro product,sweets_and_desserts,ice_cream_and_kulfi
ibaco pistachio,ibaco,hatsun agro product,sweets_and_desserts,ice_cream_and_kulfi
ibaco alphonso mango,ibaco,hatsun agro product,sweets_and_desserts,ice_cream_and_kulfi
ibaco blackcurrant,ibaco,hatsun agro product,sweets_and_desserts,ice_cream_and_kulfi
ibaco blueberry cheesecake,ibaco,hatsun agro product,sweets_and_desserts,ice_cream_and_kulfi
cornetto classic vanilla chocolate,cornetto,hindustan unilever,sweets_and_desserts,ice_cream_and_kulfi
cornetto nut,cornetto,hindustan unilever,sweets_and_desserts,ice_cream_and_kulfi
cornetto strawberry,cornetto,hindustan unilever,sweets_and_desserts,ice_cream_and_kulfi
cornetto strawberry vanilla,cornetto,hindustan unilever,sweets_and_desserts,ice_cream_and_kulfi
kwality wall's butterscotch,kwality wall's,hindustan unilever,sweets_and_desserts,ice_cream_and_kulfi
kwality wall's cassata,kwality wall's,hindustan unilever,sweets_and_desserts,ice_cream_and_kulfi
kwality wall's chocolate,kwality wall's,hindustan unilever,sweets_and_desserts,ice_cream_and_kulfi
kwality wall's feast bars,kwality wall's,hindustan unilever,sweets_and_desserts,ice_cream_and_kulfi
kwality wall's kulfi,kwality wall's,hindustan unilever,sweets_and_desserts,ice_cream_and_kulfi
kwality wall's mango,kwality wall's,hindustan unilever,sweets_and_desserts,ice_cream_and_kulfi
kwality wall's strawberry,kwality wall's,hindustan unilever,sweets_and_desserts,ice_cream_and_kulfi
kwality wall's vanilla,kwality wall's,hindustan unilever,sweets_and_desserts,ice_cream_and_kulfi
magnum brownie,magnum,hindustan unilever,sweets_and_desserts,ice_cream_and_kulfi
magnum classic,magnum,hindustan unilever,sweets_and_desserts,ice_cream_and_kulfi
magnum double caramel,magnum,hindustan unilever,sweets_and_desserts,ice_cream_and_kulfi
magnum minis,magnum,hindustan unilever,sweets_and_desserts,ice_cream_and_kulfi
the dairy factory butterscotch slow churned,kwality wall's,hindustan unilever,sweets_and_desserts,ice_cream_and_kulfi
the dairy factory chocolate slow churned,kwality wall's,hindustan unilever,sweets_and_desserts,ice_cream_and_kulfi
the dairy factory mango slow churned,kwality wall's,hindustan unilever,sweets_and_desserts,ice_cream_and_kulfi
the dairy factory vanilla slow churned,kwality wall's,hindustan unilever,sweets_and_desserts,ice_cream_and_kulfi
havmor ice cream choco brownie,havmor,lotte india (havmor),sweets_and_desserts,ice_cream_and_kulfi
havmor ice cream kulfi,havmor,lotte india (havmor),sweets_and_desserts,ice_cream_and_kulfi
havmor ice cream mango kesar,havmor,lotte india (havmor),sweets_and_desserts,ice_cream_and_kulfi
havmor ice cream vanilla cup,havmor,lotte india (havmor),sweets_and_desserts,ice_cream_and_kulfi
mother dairy cassatta,mother dairy ice cream,mother dairy,sweets_and_desserts,ice_cream_and_kulfi
mother dairy choco vanilla cone,mother dairy ice cream,mother dairy,sweets_and_desserts,ice_cream_and_kulfi
mother dairy shahi meva malai tub,mother dairy ice cream,mother dairy,sweets_and_desserts,ice_cream_and_kulfi
mother dairy strawberry crush tub,mother dairy ice cream,mother dairy,sweets_and_desserts,ice_cream_and_kulfi
mother dairy vanilla cup,mother dairy ice cream,mother dairy,sweets_and_desserts,ice_cream_and_kulfi
vadilal ice cream butterscotch,vadilal,vadilal group,sweets_and_desserts,ice_cream_and_kulfi
vadilal ice cream chocolate,vadilal,vadilal group,sweets_and_desserts,ice_cream_and_kulfi
vadilal ice cream kulfi,vadilal,vadilal group,sweets_and_desserts,ice_cream_and_kulfi
vadilal ice cream mango alphonso,vadilal,vadilal group,sweets_and_desserts,ice_cream_and_kulfi
vadilal ice cream pistachio almond,vadilal,vadilal group,sweets_and_desserts,ice_cream_and_kulfi
vadilal ice cream vanilla,vadilal,vadilal group,sweets_and_desserts,ice_cream_and_kulfi
cerelac five grains fruits,cerelac,nestlé india,health_and_wellness,infant_nutrition
cerelac honey,cerelac,nestlé india,health_and_wellness,infant_nutrition
cerelac rice,cerelac,nestlé india,health_and_wellness,infant_nutrition
cerelac rice vegetables,cerelac,nestlé india,health_and_wellness,infant_nutrition
cerelac wheat,cerelac,nestlé india,health_and_wellness,infant_nutrition
cerelac wheat apple,cerelac,nestlé india,health_and_wellness,infant_nutrition
slurrp farm cereal banana,slurrp farm,standalone / d2c,health_and_wellness,infant_nutrition
slurrp farm cereal mango,slurrp farm,standalone / d2c,health_and_wellness,infant_nutrition
slurrp farm cereal strawberry,slurrp farm,standalone / d2c,health_and_wellness,infant_nutrition
slurrp farm multigrain millet cereal,slurrp farm,standalone / d2c,health_and_wellness,infant_nutrition
slurrp farm ragi cereal,slurrp farm,standalone / d2c,health_and_wellness,infant_nutrition
complan immuno-gro kids nutrition,complan,zydus wellness,health_and_wellness,infant_nutrition
ching's secret instant noodles hakka,ching's secret,capital foods,ready_to_eat_and_ready_to_cook,instant_noodles
ching's secret instant noodles manchurian,ching's secret,capital foods,ready_to_eat_and_ready_to_cook,instant_noodles
ching's secret instant noodles schezwan,ching's secret,capital foods,ready_to_eat_and_ready_to_cook,instant_noodles
knorr soupy noodles,knorr,hindustan unilever,ready_to_eat_and_ready_to_cook,instant_noodles
yippee 2-minute wow masala noodles,yippee,itc ltd,ready_to_eat_and_ready_to_cook,instant_noodles
yippee magic millet noodles,yippee,itc ltd,ready_to_eat_and_ready_to_cook,instant_noodles
maggi 2-minute no onion no garlic noodles,maggi,nestlé india,ready_to_eat_and_ready_to_cook,instant_noodles
maggi amritsari achari masala noodles,maggi,nestlé india,ready_to_eat_and_ready_to_cook,instant_noodles
maggi bengali jhaal masala noodles,maggi,nestlé india,ready_to_eat_and_ready_to_cook,instant_noodles
maggi chicken cuppa,maggi,nestlé india,ready_to_eat_and_ready_to_cook,instant_noodles
maggi chicken noodles,maggi,nestlé india,ready_to_eat_and_ready_to_cook,instant_noodles
maggi chilly chow cuppa,maggi,nestlé india,ready_to_eat_and_ready_to_cook,instant_noodles
maggi cuppa korean spicy cheesy noodles,maggi,nestlé india,ready_to_eat_and_ready_to_cook,instant_noodles
maggi hot heads barbeque pepper noodles,maggi,nestlé india,ready_to_eat_and_ready_to_cook,instant_noodles
maggi hot heads chilli chicken noodles,maggi,nestlé india,ready_to_eat_and_ready_to_cook,instant_noodles
maggi hot heads green chilli noodles,maggi,nestlé india,ready_to_eat_and_ready_to_cook,instant_noodles
maggi hot heads peri peri noodles,maggi,nestlé india,ready_to_eat_and_ready_to_cook,instant_noodles
maggi korean bbq chicken noodles,maggi,nestlé india,ready_to_eat_and_ready_to_cook,instant_noodles
maggi korean bbq veg noodles,maggi,nestlé india,ready_to_eat_and_ready_to_cook,instant_noodles
maggi masala cuppa,maggi,nestlé india,ready_to_eat_and_ready_to_cook,instant_noodles
maggi mumbaiya chatak masala noodles,maggi,nestlé india,ready_to_eat_and_ready_to_cook,instant_noodles
maggi nutri-licious atta masala noodles,maggi,nestlé india,ready_to_eat_and_ready_to_cook,instant_noodles
ching's secret manchurian instant noodles,ching's secret,capital foods,ready_to_eat_and_ready_to_cook,instant_noodles
ching's secret schezwan noodles,ching's secret,capital foods,ready_to_eat_and_ready_to_cook,instant_noodles
ching's secret veg hakka noodles,ching's secret,capital foods,ready_to_eat_and_ready_to_cook,instant_noodles
smith and jones masala noodles,smith and jones,tata consumer products,ready_to_eat_and_ready_to_cook,instant_noodles
kinley packaged drinking water,kinley,coca-cola india,beverages,juices_and_fruit_drinks
maaza mango,maaza,coca-cola india,beverages,juices_and_fruit_drinks
maaza mango gold,maaza,coca-cola india,beverages,juices_and_fruit_drinks
minute maid apple,minute maid,coca-cola india,beverages,juices_and_fruit_drinks
minute maid guava,minute maid,coca-cola india,beverages,juices_and_fruit_drinks
minute maid mixed fruit,minute maid,coca-cola india,beverages,juices_and_fruit_drinks
minute maid mosambi,minute maid,coca-cola india,beverages,juices_and_fruit_drinks
minute maid pulpy orange,minute maid,coca-cola india,beverages,juices_and_fruit_drinks
minute maid vita punch,minute maid,coca-cola india,beverages,juices_and_fruit_drinks
smartwater alkaline,smartwater,coca-cola india,beverages,juices_and_fruit_drinks
smartwater pure electrolyte water,smartwater,coca-cola india,beverages,juices_and_fruit_drinks
smartwater vapor distilled,smartwater,coca-cola india,beverages,juices_and_fruit_drinks
real activ apple,real activ,dabur india,beverages,juices_and_fruit_drinks
real activ guava,real activ,dabur india,beverages,juices_and_fruit_drinks
real activ mixed fruit,real activ,dabur india,beverages,juices_and_fruit_drinks
real activ orange,real activ,dabur india,beverages,juices_and_fruit_drinks
real cheers green apple mojito tonic,real fruit power,dabur india,beverages,juices_and_fruit_drinks
real cheers jamuntini cocktail mixer,real fruit power,dabur india,beverages,juices_and_fruit_drinks
real fruit power aloe vera kiwi,real fruit power,dabur india,beverages,juices_and_fruit_drinks
real fruit power alphonso mango nectar,real fruit power,dabur india,beverages,juices_and_fruit_drinks
real fruit power apple,real fruit power,dabur india,beverages,juices_and_fruit_drinks
real fruit power cranberry,real fruit power,dabur india,beverages,juices_and_fruit_drinks
real fruit power guava,real fruit power,dabur india,beverages,juices_and_fruit_drinks
real fruit power lychee,real fruit power,dabur india,beverages,juices_and_fruit_drinks
real fruit power mango,real fruit power,dabur india,beverages,juices_and_fruit_drinks
real fruit power mixed fruit,real fruit power,dabur india,beverages,juices_and_fruit_drinks
real fruit power mosambi,real fruit power,dabur india,beverages,juices_and_fruit_drinks
real fruit power orange,real fruit power,dabur india,beverages,juices_and_fruit_drinks
real fruit power pineapple,real fruit power,dabur india,beverages,juices_and_fruit_drinks
real fruit power plum,real fruit power,dabur india,beverages,juices_and_fruit_drinks
real fruit power pomegranate,real fruit power,dabur india,beverages,juices_and_fruit_drinks
b natural apple juice,b natural,itc ltd,beverages,juices_and_fruit_drinks
b natural chatpata jamun with pink salt,b natural,itc ltd,beverages,juices_and_fruit_drinks
b natural cranberry juice,b natural,itc ltd,beverages,juices_and_fruit_drinks
b natural fruits n bits litchi,b natural,itc ltd,beverages,juices_and_fruit_drinks
b natural fruits n bits mixed fruit,b natural,itc ltd,beverages,juices_and_fruit_drinks
b natural guava juice,b natural,itc ltd,beverages,juices_and_fruit_drinks
b natural litchi juice,b natural,itc ltd,beverages,juices_and_fruit_drinks
b natural mango juice,b natural,itc ltd,beverages,juices_and_fruit_drinks
b natural masala jamun juice,b natural,itc ltd,beverages,juices_and_fruit_drinks
b natural mixed fruit juice,b natural,itc ltd,beverages,juices_and_fruit_drinks
b natural mixed fruit plus with green coffee extract,b natural,itc ltd,beverages,juices_and_fruit_drinks
b natural orange juice,b natural,itc ltd,beverages,juices_and_fruit_drinks
b natural orange plus with green coffee extract,b natural,itc ltd,beverages,juices_and_fruit_drinks
b natural pineapple juice,b natural,itc ltd,beverages,juices_and_fruit_drinks
b natural pomegranate juice,b natural,itc ltd,beverages,juices_and_fruit_drinks
b natural pomegranate plus with green coffee extract,b natural,itc ltd,beverages,juices_and_fruit_drinks
b natural ratnagiri alphonso mango juice,b natural,itc ltd,beverages,juices_and_fruit_drinks
tang lemon,tang,mondelez india,beverages,juices_and_fruit_drinks
tang mango,tang,mondelez india,beverages,juices_and_fruit_drinks
tang orange,tang,mondelez india,beverages,juices_and_fruit_drinks
tang pineapple,tang,mondelez india,beverages,juices_and_fruit_drinks
tang strawberry,tang,mondelez india,beverages,juices_and_fruit_drinks
tang sugar free orange,tang,mondelez india,beverages,juices_and_fruit_drinks
tang tropical cocktail,tang,mondelez india,beverages,juices_and_fruit_drinks
safal mango pulp,safal,mother dairy,beverages,juices_and_fruit_drinks
appy apple juice,appy,parle agro,beverages,juices_and_fruit_drinks
bailley mineral water,bailley,parle agro,beverages,juices_and_fruit_drinks
frooti mango,frooti,parle agro,beverages,juices_and_fruit_drinks
slice mango,slice,pepsico india,beverages,juices_and_fruit_drinks
slice mango no sugar,slice,pepsico india,beverages,juices_and_fruit_drinks
tropicana apple,tropicana,pepsico india,beverages,juices_and_fruit_drinks
tropicana coconut water,tropicana,pepsico india,beverages,juices_and_fruit_drinks
tropicana guava,tropicana,pepsico india,beverages,juices_and_fruit_drinks
tropicana mango,tropicana,pepsico india,beverages,juices_and_fruit_drinks
tropicana mixed fruit,tropicana,pepsico india,beverages,juices_and_fruit_drinks
tropicana orange delight,tropicana,pepsico india,beverages,juices_and_fruit_drinks
tropicana pomegranate,tropicana,pepsico india,beverages,juices_and_fruit_drinks
amul buffalo milk,amul milk,amul (gcmmf),dairy_and_breakfast,milk_and_curd
amul cow milk,amul milk,amul (gcmmf),dairy_and_breakfast,milk_and_curd
amul gold,amul milk,amul (gcmmf),dairy_and_breakfast,milk_and_curd
amul masti spiced buttermilk,amul masti,amul (gcmmf),dairy_and_breakfast,milk_and_curd
amul shakti,amul milk,amul (gcmmf),dairy_and_breakfast,milk_and_curd
amul slim n trim,amul milk,amul (gcmmf),dairy_and_breakfast,milk_and_curd
amul taaza,amul milk,amul (gcmmf),dairy_and_breakfast,milk_and_curd
sagar skimmed milk,amul milk,amul (gcmmf),dairy_and_breakfast,milk_and_curd
country delight fresh curd,country delight,d2c pareto,dairy_and_breakfast,milk_and_curd
country delight fresh full cream milk,country delight,d2c pareto,dairy_and_breakfast,milk_and_curd
country delight fresh toned milk,country delight,d2c pareto,dairy_and_breakfast,milk_and_curd
country delight high protein cow milk 30g,country delight,d2c pareto,dairy_and_breakfast,milk_and_curd
dodla fresh curd,dodla,dodla dairy,dairy_and_breakfast,milk_and_curd
dodla fresh milk full cream,dodla,dodla dairy,dairy_and_breakfast,milk_and_curd
dodla fresh milk toned,dodla,dodla dairy,dairy_and_breakfast,milk_and_curd
godrej jersey curd creamy,godrej jersey,godrej consumer,dairy_and_breakfast,milk_and_curd
godrej jersey full cream milk,godrej jersey,godrej consumer,dairy_and_breakfast,milk_and_curd
godrej jersey toned milk,godrej jersey,godrej consumer,dairy_and_breakfast,milk_and_curd
amul taaza uht milk buffalo,amul taaza,amul (gcmmf),dairy_and_breakfast,milk_and_curd
amul taaza uht milk toned,amul taaza,amul (gcmmf),dairy_and_breakfast,milk_and_curd
arokya curd creamy cup,arokya,hatsun agro product,dairy_and_breakfast,milk_and_curd
arokya full cream milk,arokya,hatsun agro product,dairy_and_breakfast,milk_and_curd
arokya toned milk pouch,arokya,hatsun agro product,dairy_and_breakfast,milk_and_curd
heritage curd,heritage milk,heritage foods,dairy_and_breakfast,milk_and_curd
heritage full cream milk,heritage milk,heritage foods,dairy_and_breakfast,milk_and_curd
heritage super gold milk,heritage milk,heritage foods,dairy_and_breakfast,milk_and_curd
heritage toned milk,heritage milk,heritage foods,dairy_and_breakfast,milk_and_curd
mother dairy full cream milk,mother dairy milk,mother dairy,dairy_and_breakfast,milk_and_curd
mother dairy toned milk pouch,mother dairy milk,mother dairy,dairy_and_breakfast,milk_and_curd
mother dairy uht milk tetra pack,mother dairy milk,mother dairy,dairy_and_breakfast,milk_and_curd
amul mithai mate 200gm tin,amul mithai mate,amul (gcmmf),dairy_and_breakfast,milk_powder_and_whitener
amulya dairy whitener 1kg,amulya,amul (gcmmf),dairy_and_breakfast,milk_powder_and_whitener
sagar skimmed milk powder 1kg,sagar,amul (gcmmf),dairy_and_breakfast,milk_powder_and_whitener
milkmaid sweetened condensed milk,milkmaid,nestlé india,dairy_and_breakfast,milk_powder_and_whitener
nestlé everyday dairy whitener,nestlé everyday,nestlé india,dairy_and_breakfast,milk_powder_and_whitener
balaji namkeen kashmiri mix,balaji namkeen,balaji wafers,snacks_and_namkeen,namkeen
balaji namkeen mix farali,balaji namkeen,balaji wafers,snacks_and_namkeen,namkeen
bikaji aloo bhujia,bikaji bhujia,bikaji foods,snacks_and_namkeen,namkeen
bikaji bikaneri bhujia plain,bikaji bhujia,bikaji foods,snacks_and_namkeen,namkeen
bikaji millet bhel,bikaji bhujia,bikaji foods,snacks_and_namkeen,namkeen
bikano bhujia,bikano,bikanervala,snacks_and_namkeen,namkeen
pulse natkaare snack,pulse,ds group,snacks_and_namkeen,namkeen
gopal namkeen chivda,gopal namkeen,gopal snacks,snacks_and_namkeen,namkeen
gopal namkeen traditional mix,gopal namkeen,gopal snacks,snacks_and_namkeen,namkeen
haldiram's aloo bhujia,haldiram's bhujia,haldiram's,snacks_and_namkeen,namkeen
haldiram's aloo lachha,haldiram's namkeen,haldiram's,snacks_and_namkeen,namkeen
haldiram's bhel puri,haldiram's namkeen,haldiram's,snacks_and_namkeen,namkeen
haldiram's chatpata dal,haldiram's namkeen,haldiram's,snacks_and_namkeen,namkeen
haldiram's corn flakes mixture,haldiram's namkeen,haldiram's,snacks_and_namkeen,namkeen
haldiram's dal biji,haldiram's namkeen,haldiram's,snacks_and_namkeen,namkeen
haldiram's farali chiwda,haldiram's namkeen,haldiram's,snacks_and_namkeen,namkeen
haldiram's khatta meetha,haldiram's namkeen,haldiram's,snacks_and_namkeen,namkeen
haldiram's lemon bhel,haldiram's namkeen,haldiram's,snacks_and_namkeen,namkeen
haldiram's lite chiwda,haldiram's namkeen,haldiram's,snacks_and_namkeen,namkeen
haldiram's long sev,haldiram's bhujia,haldiram's,snacks_and_namkeen,namkeen
haldiram's masala peanuts,haldiram's namkeen,haldiram's,snacks_and_namkeen,namkeen
haldiram's mixture,haldiram's namkeen,haldiram's,snacks_and_namkeen,namkeen
haldiram's moong dal,haldiram's namkeen,haldiram's,snacks_and_namkeen,namkeen
haldiram's nimbu masala,haldiram's namkeen,haldiram's,snacks_and_namkeen,namkeen
haldiram's plain bhujia,haldiram's bhujia,haldiram's,snacks_and_namkeen,namkeen
haldiram's punjabi tadka,haldiram's namkeen,haldiram's,snacks_and_namkeen,namkeen
haldiram's salted peanuts,haldiram's namkeen,haldiram's,snacks_and_namkeen,namkeen
yoga bar nuts and seeds trail mix spicy masala,yoga bar,itc ltd,snacks_and_namkeen,namkeen
true elements 7 in 1 seeds mix,true elements,marico (food),snacks_and_namkeen,namkeen
true elements 9 in 1 snack mix,true elements,marico (food),snacks_and_namkeen,namkeen
true elements almonds,true elements,marico (food),snacks_and_namkeen,namkeen
true elements cashews,true elements,marico (food),snacks_and_namkeen,namkeen
true elements panchmeva trail mix,true elements,marico (food),snacks_and_namkeen,namkeen
true elements protein crunchy minis,true elements,marico (food),snacks_and_namkeen,namkeen
true elements roasted chana,true elements,marico (food),snacks_and_namkeen,namkeen
dabur glucose powder,dabur glucose,dabur india,health_and_wellness,nutrition_bars_and_supplements
yoga bar 20g protein bar chocolate brownie,yoga bar,itc ltd,health_and_wellness,nutrition_bars_and_supplements
yoga bar 20g protein bar hazelnut,yoga bar,itc ltd,health_and_wellness,nutrition_bars_and_supplements
yoga bar 20g protein oats choco almond,yoga bar,itc ltd,health_and_wellness,nutrition_bars_and_supplements
yoga bar 26g high protein oats korean fire,yoga bar,itc ltd,health_and_wellness,nutrition_bars_and_supplements
yoga bar apricot fig protein bar,yoga bar,itc ltd,health_and_wellness,nutrition_bars_and_supplements
yoga bar multigrain energy bar chocolate chunk nut,yoga bar,itc ltd,health_and_wellness,nutrition_bars_and_supplements
yoga bar multigrain energy bar orange cashew,yoga bar,itc ltd,health_and_wellness,nutrition_bars_and_supplements
yoga bar multigrain energy bar vanilla almond,yoga bar,itc ltd,health_and_wellness,nutrition_bars_and_supplements
yoga bar nuts and seeds multigrain energy bar,yoga bar,itc ltd,health_and_wellness,nutrition_bars_and_supplements
yoga bar proclean plant protein chocolate,yoga bar,itc ltd,health_and_wellness,nutrition_bars_and_supplements
yoga bar proclean whey protein chocolate,yoga bar,itc ltd,health_and_wellness,nutrition_bars_and_supplements
plix biotin gummies,plix,marico (food),health_and_wellness,nutrition_bars_and_supplements
plix collagen effervescent,plix,marico (food),health_and_wellness,nutrition_bars_and_supplements
plix garcinia cambogia weight loss supplement,plix,marico (food),health_and_wellness,nutrition_bars_and_supplements
plix omega 3 plant based,plix,marico (food),health_and_wellness,nutrition_bars_and_supplements
plix plant protein powder,plix,marico (food),health_and_wellness,nutrition_bars_and_supplements
plix supertots multivitamin gummies,plix,marico (food),health_and_wellness,nutrition_bars_and_supplements
plix vitamin d3 plant based,plix,marico (food),health_and_wellness,nutrition_bars_and_supplements
the whole truth energy bar coconut cocoa,the whole truth,standalone / d2c,health_and_wellness,nutrition_bars_and_supplements
the whole truth energy bar coffee cocoa,the whole truth,standalone / d2c,health_and_wellness,nutrition_bars_and_supplements
the whole truth energy bar cranberry,the whole truth,standalone / d2c,health_and_wellness,nutrition_bars_and_supplements
the whole truth energy bar peanut butter,the whole truth,standalone / d2c,health_and_wellness,nutrition_bars_and_supplements
the whole truth energy bar peanut choco fudge,the whole truth,standalone / d2c,health_and_wellness,nutrition_bars_and_supplements
the whole truth protein bar double cocoa,the whole truth,standalone / d2c,health_and_wellness,nutrition_bars_and_supplements
glucon-d immunovolt kaccha mango tablet,glucon-d,zydus wellness,health_and_wellness,nutrition_bars_and_supplements
glucon-d immunovolt orange tablet,glucon-d,zydus wellness,health_and_wellness,nutrition_bars_and_supplements
glucon-d immunovolt strawberry tablet,glucon-d,zydus wellness,health_and_wellness,nutrition_bars_and_supplements
glucon-d regular glucose powder,glucon-d,zydus wellness,health_and_wellness,nutrition_bars_and_supplements
kissan chatpati hari chutney,kissan,hindustan unilever,pantry_and_condiments,pickles_and_chutneys
kissan chilli peanut thecha chutney,kissan,hindustan unilever,pantry_and_condiments,pickles_and_chutneys
kissan khatti meethi imli khajoor chutney,kissan,hindustan unilever,pantry_and_condiments,pickles_and_chutneys
kissan teekhi lehsun mirch chutney,kissan,hindustan unilever,pantry_and_condiments,pickles_and_chutneys
ching's secret schezwan chutney,ching's secret,capital foods,pantry_and_condiments,pickles_and_chutneys
fortune mini soya chunks,fortune soya,adani wilmar,staples_and_spices,pulses_and_dals
fortune soya chunks,fortune soya,adani wilmar,staples_and_spices,pulses_and_dals
fortune soya granules,fortune soya,adani wilmar,staples_and_spices,pulses_and_dals
tata sampann chana dal,tata sampann,tata consumer products,staples_and_spices,pulses_and_dals
tata sampann masoor dal,tata sampann,tata consumer products,staples_and_spices,pulses_and_dals
tata sampann moong dal,tata sampann,tata consumer products,staples_and_spices,pulses_and_dals
tata sampann toor dal,tata sampann,tata consumer products,staples_and_spices,pulses_and_dals
tata sampann urad dal,tata sampann,tata consumer products,staples_and_spices,pulses_and_dals
act ii microwave popcorn butter,act ii,agro tech foods,ready_to_eat_and_ready_to_cook,ready_to_cook_mixes
act ii ready to eat popcorn,act ii,agro tech foods,ready_to_eat_and_ready_to_cook,ready_to_cook_mixes
bikaji bikaneri papad chana dal,bikaji papad,bikaji foods,ready_to_eat_and_ready_to_cook,ready_to_cook_mixes
bikaji bikaneri papad moong,bikaji papad,bikaji foods,ready_to_eat_and_ready_to_cook,ready_to_cook_mixes
bikaji bikaneri papad urad,bikaji papad,bikaji foods,ready_to_eat_and_ready_to_cook,ready_to_cook_mixes
bikano plain papad,bikano,bikanervala,ready_to_eat_and_ready_to_cook,ready_to_cook_mixes
bikano kali mirch papad,bikano,bikanervala,ready_to_eat_and_ready_to_cook,ready_to_cook_mixes
emami healthy tasty advans soya chunks,healthy & tasty,emami agrotech,ready_to_eat_and_ready_to_cook,ready_to_cook_mixes
knorr hot and sour veg soup,knorr,hindustan unilever,ready_to_eat_and_ready_to_cook,ready_to_cook_mixes
knorr mixed vegetable soup,knorr,hindustan unilever,ready_to_eat_and_ready_to_cook,ready_to_cook_mixes
knorr sweet corn chicken soup,knorr,hindustan unilever,ready_to_eat_and_ready_to_cook,ready_to_cook_mixes
knorr sweet corn veg soup,knorr,hindustan unilever,ready_to_eat_and_ready_to_cook,ready_to_cook_mixes
saffola mealmaker mini soya chunks,saffola soya,marico (food),ready_to_eat_and_ready_to_cook,ready_to_cook_mixes
saffola mealmaker soya chunks,saffola soya,marico (food),ready_to_eat_and_ready_to_cook,ready_to_cook_mixes
mccain popcorn fries,mccain,mccain foods india,ready_to_eat_and_ready_to_cook,ready_to_cook_mixes
mtr dosa mix,mtr,orkla india,ready_to_eat_and_ready_to_cook,ready_to_cook_mixes
mtr instant dosa,mtr,orkla india,ready_to_eat_and_ready_to_cook,ready_to_cook_mixes
mtr instant rava idli,mtr,orkla india,ready_to_eat_and_ready_to_cook,ready_to_cook_mixes
mtr pulao mix,mtr,orkla india,ready_to_eat_and_ready_to_cook,ready_to_cook_mixes
mtr rava idli mix,mtr,orkla india,ready_to_eat_and_ready_to_cook,ready_to_cook_mixes
mtr uttapam mix,mtr,orkla india,ready_to_eat_and_ready_to_cook,ready_to_cook_mixes
nutrela soya chunks regular,nutrela,patanjali foods,ready_to_eat_and_ready_to_cook,ready_to_cook_mixes
nutrela soya granules,nutrela,patanjali foods,ready_to_eat_and_ready_to_cook,ready_to_cook_mixes
lt foods daawat biryani kit ready-to-cook,daawat,lt foods,ready_to_eat_and_ready_to_cook,ready_to_cook_mixes
id fresh classic idli dosa batter,id fresh food,standalones / d2c,ready_to_eat_and_ready_to_cook,ready_to_cook_mixes
id fresh multigrain idli dosa batter,id fresh food,standalones / d2c,ready_to_eat_and_ready_to_cook,ready_to_cook_mixes
id fresh pancake batter choco,id fresh food,standalones / d2c,ready_to_eat_and_ready_to_cook,ready_to_cook_mixes
id fresh pancake batter classic,id fresh food,standalones / d2c,ready_to_eat_and_ready_to_cook,ready_to_cook_mixes
id fresh protein rich idli dosa batter,id fresh food,standalones / d2c,ready_to_eat_and_ready_to_cook,ready_to_cook_mixes
id fresh ragi millet idli dosa batter,id fresh food,standalones / d2c,ready_to_eat_and_ready_to_cook,ready_to_cook_mixes
smith and jones crunchy fried chicken mix,smith and jones,tata consumer products,ready_to_eat_and_ready_to_cook,ready_to_cook_mixes
haldiram's aloo mutter,haldiram's minute khana,haldiram's,ready_to_eat_and_ready_to_cook,ready_to_eat_meals
haldiram's choley chawal combo meals,haldiram's frozen foods,haldiram's,ready_to_eat_and_ready_to_cook,ready_to_eat_meals
haldiram's choley kulcha combo meals,haldiram's frozen foods,haldiram's,ready_to_eat_and_ready_to_cook,ready_to_eat_meals
haldiram's dal makhani,haldiram's minute khana,haldiram's,ready_to_eat_and_ready_to_cook,ready_to_eat_meals
haldiram's dal tadka,haldiram's minute khana,haldiram's,ready_to_eat_and_ready_to_cook,ready_to_eat_meals
haldiram's hyderabadi biryani,haldiram's minute khana,haldiram's,ready_to_eat_and_ready_to_cook,ready_to_eat_meals
haldiram's kadhi pakoda,haldiram's minute khana,haldiram's,ready_to_eat_and_ready_to_cook,ready_to_eat_meals
haldiram's mutter paneer,haldiram's minute khana,haldiram's,ready_to_eat_and_ready_to_cook,ready_to_eat_meals
haldiram's palak paneer,haldiram's minute khana,haldiram's,ready_to_eat_and_ready_to_cook,ready_to_eat_meals
haldiram's paneer makhani,haldiram's minute khana,haldiram's,ready_to_eat_and_ready_to_cook,ready_to_eat_meals
haldiram's pao bhaji,haldiram's minute khana,haldiram's,ready_to_eat_and_ready_to_cook,ready_to_eat_meals
haldiram's punjabi choley,haldiram's minute khana,haldiram's,ready_to_eat_and_ready_to_cook,ready_to_eat_meals
haldiram's rajma raseela,haldiram's minute khana,haldiram's,ready_to_eat_and_ready_to_cook,ready_to_eat_meals
haldiram's sarson ka saag,haldiram's minute khana,haldiram's,ready_to_eat_and_ready_to_cook,ready_to_eat_meals
haldiram's vegetable pulao,haldiram's minute khana,haldiram's,ready_to_eat_and_ready_to_cook,ready_to_eat_meals
haldiram's yellow dal tadka,haldiram's minute khana,haldiram's,ready_to_eat_and_ready_to_cook,ready_to_eat_meals
kitchens of india dal bukhara,kitchens of india,itc ltd,ready_to_eat_and_ready_to_cook,ready_to_eat_meals
kitchens of india dal makhani,kitchens of india,itc ltd,ready_to_eat_and_ready_to_cook,ready_to_eat_meals
kitchens of india korma,kitchens of india,itc ltd,ready_to_eat_and_ready_to_cook,ready_to_eat_meals
kitchens of india palak paneer,kitchens of india,itc ltd,ready_to_eat_and_ready_to_cook,ready_to_eat_meals
kitchens of india paneer curry,kitchens of india,itc ltd,ready_to_eat_and_ready_to_cook,ready_to_eat_meals
kitchens of india pav bhaji,kitchens of india,itc ltd,ready_to_eat_and_ready_to_cook,ready_to_eat_meals
kitchens of india rajma masala,kitchens of india,itc ltd,ready_to_eat_and_ready_to_cook,ready_to_eat_meals
saffola cuppa oats,saffola oats,marico (food),ready_to_eat_and_ready_to_cook,ready_to_eat_meals
saffola masala oats classic masala,saffola masala oats,marico (food),ready_to_eat_and_ready_to_cook,ready_to_eat_meals
saffola masala oats masala and coriander,saffola masala oats,marico (food),ready_to_eat_and_ready_to_cook,ready_to_eat_meals
saffola masala oats peppy tomato,saffola masala oats,marico (food),ready_to_eat_and_ready_to_cook,ready_to_eat_meals
saffola masala oats veggie twist,saffola masala oats,marico (food),ready_to_eat_and_ready_to_cook,ready_to_eat_meals
quaker instant oats herby cheese,quaker oats,pepsico india,ready_to_eat_and_ready_to_cook,ready_to_eat_meals
quaker instant oats masala magic,quaker oats,pepsico india,ready_to_eat_and_ready_to_cook,ready_to_eat_meals
quaker instant oats mixed berries,quaker oats,pepsico india,ready_to_eat_and_ready_to_cook,ready_to_eat_meals
tata soulfull masala oats plus millets,tata soulfull,tata consumer products,ready_to_eat_and_ready_to_cook,ready_to_eat_meals
fortune basmati rice,fortune rice,adani wilmar,staples_and_spices,rice_and_grains
fortune rice sella,fortune,adani wilmar,staples_and_spices,rice_and_grains
kohinoor basmati rice silver,kohinoor,adani wilmar,staples_and_spices,rice_and_grains
kohinoor basmati rice traditional,kohinoor,adani wilmar,staples_and_spices,rice_and_grains
kohinoor brown basmati rice,kohinoor,adani wilmar,staples_and_spices,rice_and_grains
kohinoor extra flavor basmati rice,kohinoor,adani wilmar,staples_and_spices,rice_and_grains
kohinoor mogra basmati rice,kohinoor,adani wilmar,staples_and_spices,rice_and_grains
india gate dubar basmati rice,india gate,krbl limited,staples_and_spices,rice_and_grains
india gate mini basmati,india gate,krbl limited,staples_and_spices,rice_and_grains
india gate white rice,india gate,krbl limited,staples_and_spices,rice_and_grains
daawat biryani rice,daawat,lt foods,staples_and_spices,rice_and_grains
lt foods daawat classic basmati rice,daawat,lt foods,staples_and_spices,rice_and_grains
lt foods daawat quick cooking black rice,daawat,lt foods,staples_and_spices,rice_and_grains
lt foods daawat quick cooking brown rice,daawat,lt foods,staples_and_spices,rice_and_grains
lt foods daawat quick cooking red rice,daawat,lt foods,staples_and_spices,rice_and_grains
tata sampann poha red,tata sampann,tata consumer products,staples_and_spices,rice_and_grains
tata sampann poha white thick,tata sampann,tata consumer products,staples_and_spices,rice_and_grains
tata sampann poha white thin,tata sampann,tata consumer products,staples_and_spices,rice_and_grains
hellmann's real mayonnaise,hellmann's,hindustan unilever,pantry_and_condiments,sauces_and_spreads
kissan berry blast jam,kissan,hindustan unilever,pantry_and_condiments,sauces_and_spreads
kissan chilli tomato sauce,kissan,hindustan unilever,pantry_and_condiments,sauces_and_spreads
kissan creamy peanut butter,kissan,hindustan unilever,pantry_and_condiments,sauces_and_spreads
kissan crunchy peanut butter,kissan,hindustan unilever,pantry_and_condiments,sauces_and_spreads
kissan fables apricot peach dates jam,kissan,hindustan unilever,pantry_and_condiments,sauces_and_spreads
kissan fables blueberry mulberry dates jam,kissan,hindustan unilever,pantry_and_condiments,sauces_and_spreads
kissan fables strawberry raspberry dates jam,kissan,hindustan unilever,pantry_and_condiments,sauces_and_spreads
kissan fresh tomato ketchup,kissan,hindustan unilever,pantry_and_condiments,sauces_and_spreads
kissan hazelnut choco peanut spread,kissan,hindustan unilever,pantry_and_condiments,sauces_and_spreads
kissan mango jam,kissan,hindustan unilever,pantry_and_condiments,sauces_and_spreads
kissan mixed fruit jam,kissan,hindustan unilever,pantry_and_condiments,sauces_and_spreads
kissan no onion no garlic tomato sauce,kissan,hindustan unilever,pantry_and_condiments,sauces_and_spreads
kissan orange marmalade jam,kissan,hindustan unilever,pantry_and_condiments,sauces_and_spreads
kissan pineapple jam,kissan,hindustan unilever,pantry_and_condiments,sauces_and_spreads
kissan squezo fresh tomato ketchup,kissan,hindustan unilever,pantry_and_condiments,sauces_and_spreads
kissan sweet and spicy ketchup,kissan,hindustan unilever,pantry_and_condiments,sauces_and_spreads
kissan sweet and spicy sauce,kissan,hindustan unilever,pantry_and_condiments,sauces_and_spreads
yoga bar creamy 100 percent unsweetened peanut butter,yoga bar,itc ltd,pantry_and_condiments,sauces_and_spreads
ching's secret all in one sauce,ching's secret,capital foods,pantry_and_condiments,sauces_and_spreads
ching's secret chili vinegar,ching's secret,capital foods,pantry_and_condiments,sauces_and_spreads
ching's secret green chilli sauce,ching's secret,capital foods,pantry_and_condiments,sauces_and_spreads
ching's secret red chilli sauce,ching's secret,capital foods,pantry_and_condiments,sauces_and_spreads
ching's secret soy sauce dark,ching's secret,capital foods,pantry_and_condiments,sauces_and_spreads
smith and jones pink pasta sauce mix,smith and jones,tata consumer products,pantry_and_condiments,sauces_and_spreads
smith and jones pizza and pasta sauce with oregano,smith and jones,tata consumer products,pantry_and_condiments,sauces_and_spreads
smith and jones red pasta sauce mix,smith and jones,tata consumer products,pantry_and_condiments,sauces_and_spreads
smith and jones tomato ketchup,smith and jones,tata consumer products,pantry_and_condiments,sauces_and_spreads
smith and jones white pasta sauce mix,smith and jones,tata consumer products,pantry_and_condiments,sauces_and_spreads
catch black pepper,catch spices,ds group,staples_and_spices,spices_and_masalas
catch garam masala blend,catch spices,ds group,staples_and_spices,spices_and_masalas
catch hing asafoetida,catch spices,ds group,staples_and_spices,spices_and_masalas
catch pure chilli powder,catch spices,ds group,staples_and_spices,spices_and_masalas
catch pure coriander,catch spices,ds group,staples_and_spices,spices_and_masalas
catch pure cumin,catch spices,ds group,staples_and_spices,spices_and_masalas
catch pure turmeric powder,catch spices,ds group,staples_and_spices,spices_and_masalas
mantra chaat masala,mantra,emami agrotech,staples_and_spices,spices_and_masalas
mantra garam masala blend,mantra,emami agrotech,staples_and_spices,spices_and_masalas
mantra kashmiri lal mirch,mantra,emami agrotech,staples_and_spices,spices_and_masalas
mantra meat masala,mantra,emami agrotech,staples_and_spices,spices_and_masalas
mantra pav bhaji masala,mantra,emami agrotech,staples_and_spices,spices_and_masalas
mantra pure chilli powder,mantra,emami agrotech,staples_and_spices,spices_and_masalas
mantra pure coriander powder,mantra,emami agrotech,staples_and_spices,spices_and_masalas
mantra pure cumin powder,mantra,emami agrotech,staples_and_spices,spices_and_masalas
mantra pure turmeric powder,mantra,emami agrotech,staples_and_spices,spices_and_masalas
mantra sabji masala,mantra,emami agrotech,staples_and_spices,spices_and_masalas
mantra sambar masala,mantra,emami agrotech,staples_and_spices,spices_and_masalas
everest black pepper powder,everest spices,everest food products,staples_and_spices,spices_and_masalas
everest coriander powder,everest spices,everest food products,staples_and_spices,spices_and_masalas
everest cumin powder,everest spices,everest food products,staples_and_spices,spices_and_masalas
everest garam masala,everest spices,everest food products,staples_and_spices,spices_and_masalas
everest pav bhaji masala,everest spices,everest food products,staples_and_spices,spices_and_masalas
everest pure chilli powder,everest spices,everest food products,staples_and_spices,spices_and_masalas
everest pure turmeric powder,everest spices,everest food products,staples_and_spices,spices_and_masalas
everest sambar masala,everest spices,everest food products,staples_and_spices,spices_and_masalas
sunrise aloo dum masala,sunrise,itc ltd,staples_and_spices,spices_and_masalas
sunrise amchur masala,sunrise,itc ltd,staples_and_spices,spices_and_masalas
sunrise black pepper whole,sunrise,itc ltd,staples_and_spices,spices_and_masalas
sunrise chaat masala,sunrise,itc ltd,staples_and_spices,spices_and_masalas
sunrise chicken curry masala,sunrise,itc ltd,staples_and_spices,spices_and_masalas
sunrise chow mix masala,sunrise,itc ltd,staples_and_spices,spices_and_masalas
sunrise jal jeera powder,sunrise,itc ltd,staples_and_spices,spices_and_masalas
sunrise jeera powder,sunrise,itc ltd,staples_and_spices,spices_and_masalas
sunrise kashmiri mirch ground,sunrise,itc ltd,staples_and_spices,spices_and_masalas
sunrise kitchen king masala,sunrise,itc ltd,staples_and_spices,spices_and_masalas
sunrise macher jhol masala,sunrise,itc ltd,staples_and_spices,spices_and_masalas
sunrise meat masala,sunrise,itc ltd,staples_and_spices,spices_and_masalas
sunrise paneer butter masala,sunrise,itc ltd,staples_and_spices,spices_and_masalas
sunrise pasta masala,sunrise,itc ltd,staples_and_spices,spices_and_masalas
sunrise pav bhaji masala,sunrise,itc ltd,staples_and_spices,spices_and_masalas
sunrise rajshahi garam masala,sunrise,itc ltd,staples_and_spices,spices_and_masalas
sunrise red chilli powder,sunrise,itc ltd,staples_and_spices,spices_and_masalas
sunrise whole ajwain,sunrise,itc ltd,staples_and_spices,spices_and_masalas
sunrise whole jeera,sunrise,itc ltd,staples_and_spices,spices_and_masalas
mdh coriander powder,mdh spices,mahashian di hatti,staples_and_spices,spices_and_masalas
mdh cumin powder,mdh spices,mahashian di hatti,staples_and_spices,spices_and_masalas
mdh garam masala,mdh spices,mahashian di hatti,staples_and_spices,spices_and_masalas
mdh kitchen king masala,mdh spices,mahashian di hatti,staples_and_spices,spices_and_masalas
mdh pav bhaji masala,mdh spices,mahashian di hatti,staples_and_spices,spices_and_masalas
mdh pure chilli,mdh spices,mahashian di hatti,staples_and_spices,spices_and_masalas
mdh pure turmeric,mdh spices,mahashian di hatti,staples_and_spices,spices_and_masalas
mdh sambar masala,mdh spices,mahashian di hatti,staples_and_spices,spices_and_masalas
true elements raw pumpkin seeds,true elements,marico (food),staples_and_spices,spices_and_masalas
true elements raw sunflower seeds,true elements,marico (food),staples_and_spices,spices_and_masalas
true elements roasted flax seeds,true elements,marico (food),staples_and_spices,spices_and_masalas
true elements roasted watermelon seeds,true elements,marico (food),staples_and_spices,spices_and_masalas
eastern spices black pepper powder,eastern spices,orkla india,staples_and_spices,spices_and_masalas
eastern spices coriander powder,eastern spices,orkla india,staples_and_spices,spices_and_masalas
eastern spices garam masala,eastern spices,orkla india,staples_and_spices,spices_and_masalas
eastern spices pure chilli powder,eastern spices,orkla india,staples_and_spices,spices_and_masalas
eastern spices sambar powder,eastern spices,orkla india,staples_and_spices,spices_and_masalas
eastern spices turmeric powder,eastern spices,orkla india,staples_and_spices,spices_and_masalas
i-shakti solar salt,tata salt,tata consumer products,staples_and_spices,spices_and_masalas
organic india chia seeds,organic india,tata consumer products,staples_and_spices,spices_and_masalas
tata salt crystal,tata salt,tata consumer products,staples_and_spices,spices_and_masalas
tata salt iron health,tata salt,tata consumer products,staples_and_spices,spices_and_masalas
tata salt original,tata salt,tata consumer products,staples_and_spices,spices_and_masalas
tata salt rock salt,tata salt,tata consumer products,staples_and_spices,spices_and_masalas
tata salt superlite,tata salt,tata consumer products,staples_and_spices,spices_and_masalas
tata sampann biryani masala,tata sampann,tata consumer products,staples_and_spices,spices_and_masalas
tata sampann coriander powder,tata sampann,tata consumer products,staples_and_spices,spices_and_masalas
tata sampann garam masala,tata sampann,tata consumer products,staples_and_spices,spices_and_masalas
tata sampann ginger powder,tata sampann,tata consumer products,staples_and_spices,spices_and_masalas
tata sampann hing,tata sampann,tata consumer products,staples_and_spices,spices_and_masalas
tata sampann meat masala,tata sampann,tata consumer products,staples_and_spices,spices_and_masalas
tata sampann paneer masala,tata sampann,tata consumer products,staples_and_spices,spices_and_masalas
tata sampann saffron,tata sampann,tata consumer products,staples_and_spices,spices_and_masalas
tata sampann sambar masala,tata sampann,tata consumer products,staples_and_spices,spices_and_masalas
tata sampann turmeric powder,tata sampann,tata consumer products,staples_and_spices,spices_and_masalas
tata sampann whole cassia,tata sampann,tata consumer products,staples_and_spices,spices_and_masalas
tata sampann whole clove,tata sampann,tata consumer products,staples_and_spices,spices_and_masalas
tata sampann whole coriander,tata sampann,tata consumer products,staples_and_spices,spices_and_masalas
tata sampann whole cumin,tata sampann,tata consumer products,staples_and_spices,spices_and_masalas
tata sampann whole fennel seeds,tata sampann,tata consumer products,staples_and_spices,spices_and_masalas
tata sampann whole mustard seeds,tata sampann,tata consumer products,staples_and_spices,spices_and_masalas
tata sampann whole pepper,tata sampann,tata consumer products,staples_and_spices,spices_and_masalas
dabur honey organic,dabur honey,dabur india,staples_and_spices,sugar_and_sweeteners
dabur honey premium,dabur honey,dabur india,staples_and_spices,sugar_and_sweeteners
dabur honey pure,dabur honey,dabur india,staples_and_spices,sugar_and_sweeteners
zandu organic honey,zandu honey,emami ltd,staples_and_spices,sugar_and_sweeteners
zandu pure honey,zandu honey,emami ltd,staples_and_spices,sugar_and_sweeteners
saffola honey active sundarban forest,saffola honey,marico (food),staples_and_spices,sugar_and_sweeteners
saffola honey organic,saffola honey,marico (food),staples_and_spices,sugar_and_sweeteners
saffola wild forest organic honey,saffola honey,marico (food),staples_and_spices,sugar_and_sweeteners
patanjali organic wild honey,patanjali honey,patanjali foods,staples_and_spices,sugar_and_sweeteners
patanjali pure honey,patanjali honey,patanjali foods,staples_and_spices,sugar_and_sweeteners
organic india organic honey,organic india,tata consumer products,staples_and_spices,sugar_and_sweeteners
sugar free d'lite sweetener,sugar free,zydus wellness,staples_and_spices,sugar_and_sweeteners
sugar free gold+ sweetener chromium,sugar free,zydus wellness,staples_and_spices,sugar_and_sweeteners
sugar free gold sweetener,sugar free,zydus wellness,staples_and_spices,sugar_and_sweeteners
sugar free green stevia sweetener,sugar free,zydus wellness,staples_and_spices,sugar_and_sweeteners
sugarlite natural sugar blend,sugar free,zydus wellness,staples_and_spices,sugar_and_sweeteners
brooke bond red label natural care ayurvedic,brooke bond red label,hindustan unilever,beverages,tea
brooke bond red label tea bags,brooke bond red label,hindustan unilever,beverages,tea
lipton green tea honey ginger,lipton,hindustan unilever,beverages,tea
lipton green tea lemon,lipton,hindustan unilever,beverages,tea
lipton green tea signature blend,lipton,hindustan unilever,beverages,tea
lipton lemon iced tea mix 25 percent less sugar,lipton,hindustan unilever,beverages,tea
lipton yellow label black tea,lipton,hindustan unilever,beverages,tea
taj mahal classic black tea,taj mahal,hindustan unilever,beverages,tea
taj mahal cutting chai,taj mahal,hindustan unilever,beverages,tea
taj mahal masala chai,taj mahal,hindustan unilever,beverages,tea
taj mahal tea bags,taj mahal,hindustan unilever,beverages,tea
nestea lemon iced tea,nestea,nestlé india,beverages,tea
nestea peach iced tea,nestea,nestlé india,beverages,tea
organic india purely assam black tea,organic india,tata consumer products,beverages,tea
organic india purely chamomile tea,organic india,tata consumer products,beverages,tea
organic india tulsi green tea classic,organic india,tata consumer products,beverages,tea
organic india tulsi green tea honey lemon,organic india,tata consumer products,beverages,tea
organic india tulsi green tea pomegranate,organic india,tata consumer products,beverages,tea
organic india tulsi honey chamomile,organic india,tata consumer products,beverages,tea
organic india tulsi lemon ginger,organic india,tata consumer products,beverages,tea
organic india tulsi licorice,organic india,tata consumer products,beverages,tea
organic india tulsi masala chai,organic india,tata consumer products,beverages,tea
organic india tulsi mulethi,organic india,tata consumer products,beverages,tea
organic india tulsi original,organic india,tata consumer products,beverages,tea
organic india tulsi sweet rose,organic india,tata consumer products,beverages,tea
tata tea gold,tata tea,tata consumer products,beverages,tea
tata tea gold care,tata tea,tata consumer products,beverages,tea
tata tea gold kanan devan golden leaf,tata tea,tata consumer products,beverages,tea
tata tea gold kanan devan strong,tata tea,tata consumer products,beverages,tea
tata tea gold kashir noon chai,tata tea,tata consumer products,beverages,tea
tata tea gold saffron,tata tea,tata consumer products,beverages,tea
tata tea gold second flush darjeeling,tata tea,tata consumer products,beverages,tea
tata tea premium delhi rich assam chai,tata tea,tata consumer products,beverages,tea
tata tea premium haryana kadak assam chai,tata tea,tata consumer products,beverages,tea
tata tea premium odisha kadak assam chai,tata tea,tata consumer products,beverages,tea
tata tea premium punjab badi danedaar chai,tata tea,tata consumer products,beverages,tea
tata tea premium street chai hyderabadi irani,tata tea,tata consumer products,beverages,tea
tata tea premium street chai kolkata,tata tea,tata consumer products,beverages,tea
tata tea premium street chai mumbai cutting,tata tea,tata consumer products,beverages,tea
tata tea premium street chai purani delli,tata tea,tata consumer products,beverages,tea
tata tea premium uttar pradesh dumdaar chai,tata tea,tata consumer products,beverages,tea
tata tea teaveda,tata tea,tata consumer products,beverages,tea
tata tea tulsi green,tata tea,tata consumer products,beverages,tea
tetley black tea,tetley,tata consumer products,beverages,tea
tetley elaichi,tetley,tata consumer products,beverages,tea
tetley ginger zing,tetley,tata consumer products,beverages,tea
tetley green tea beauty care,tetley,tata consumer products,beverages,tea
tetley green tea ginger mint lemon,tetley,tata consumer products,beverages,tea
tetley green tea immune classic,tetley,tata consumer products,beverages,tea
tetley green tea immune ginger mint lemon,tetley,tata consumer products,beverages,tea
tetley green tea immune lemon honey,tetley,tata consumer products,beverages,tea
tetley green tea immune mango,tetley,tata consumer products,beverages,tea
tetley green tea lemon honey,tetley,tata consumer products,beverages,tea
tetley green tea long leaf,tetley,tata consumer products,beverages,tea
tetley green tea slim care,tetley,tata consumer products,beverages,tea
tetley lemon long leaf,tetley,tata consumer products,beverages,tea
tetley lemon twist,tetley,tata consumer products,beverages,tea
tetley masala chai,tetley,tata consumer products,beverages,tea
tetley original long leaf,tetley,tata consumer products,beverages,tea
bikaji atta ladoo,bikaji sweets,bikaji foods,sweets_and_desserts,traditional_sweets
bikaji gulab jamun,bikaji sweets,bikaji foods,sweets_and_desserts,traditional_sweets
bikaji kaju katli,bikaji sweets,bikaji foods,sweets_and_desserts,traditional_sweets
bikaji patisa,bikaji sweets,bikaji foods,sweets_and_desserts,traditional_sweets
bikaji rasgulla,bikaji sweets,bikaji foods,sweets_and_desserts,traditional_sweets
bikaji soan papdi cashew nut,bikaji sweets,bikaji foods,sweets_and_desserts,traditional_sweets
bikaji soan papdi coconut,bikaji sweets,bikaji foods,sweets_and_desserts,traditional_sweets
bikaji soan papdi orange,bikaji sweets,bikaji foods,sweets_and_desserts,traditional_sweets
bikaji soan papdi sadabahar,bikaji sweets,bikaji foods,sweets_and_desserts,traditional_sweets
bikano gulab jamun,bikano,bikanervala,sweets_and_desserts,traditional_sweets
bikano kaju katli,bikano,bikanervala,sweets_and_desserts,traditional_sweets
bikano rasgulla,bikano,bikanervala,sweets_and_desserts,traditional_sweets
bikano soan papdi,bikano,bikanervala,sweets_and_desserts,traditional_sweets
haldiram's frozen gulab jamun,haldiram's frozen foods,haldiram's,sweets_and_desserts,traditional_sweets
haldiram's frozen kaju katli,haldiram's frozen foods,haldiram's,sweets_and_desserts,traditional_sweets
haldiram's frozen rasmalai,haldiram's frozen foods,haldiram's,sweets_and_desserts,traditional_sweets
haldiram's prabhuji soan papdi,haldiram's soan papdi,haldiram's,sweets_and_desserts,traditional_sweets
haldiram's rasgulla,haldiram's rasgulla,haldiram's,sweets_and_desserts,traditional_sweets
haldiram's rasgulla rose,haldiram's rasgulla,haldiram's,sweets_and_desserts,traditional_sweets
haldiram's soan papdi chocolate flavour,haldiram's soan papdi,haldiram's,sweets_and_desserts,traditional_sweets
haldiram's soan papdi elaichi,haldiram's soan papdi,haldiram's,sweets_and_desserts,traditional_sweets
haldiram's soan papdi plain,haldiram's soan papdi,haldiram's,sweets_and_desserts,traditional_sweets
true elements dryfruit chikki,true elements,marico (food),sweets_and_desserts,traditional_sweets
mtr ready-to-eat sweets gulab jamun,mtr,orkla india,sweets_and_desserts,traditional_sweets
